강의명,강좌번호,시간,전공
4차산업과 인공지능,1096,목2~4,공통(교양)
간호학개론,373,화4~5,간호학과
간호학개론,374,화6~7,간호학과
감성 디자인을 위한 AI와 일러스트,966,수1~3,공통(교양)
건강과운동,878,화1~3,공통(교양)
건강원리와 실제,1017,금1~3,공통(교양)
건강원리와 실제,1643,금1~3,공통(교양)
건축학개론,1238,화1~3,건축학과(4년)
건축학개론,1189,화1~3,건축학과(5년)
결혼과 가족관계,1100,수5~7,공통(교양)
경영실무연습,1441,금2~4,경영학과
경영통계학,1873,"월5,화4~5",경영학과
경영학원론,173,화1~3,경영학과
경영학원론,1451,"화6~7,수10",경영학과
"경전의 지혜(구,중국고전과 성서)",1030,목5~7,공통(교양)
"경전의 지혜(구,중국고전과 성서)",1644,수5~7,공통(교양)
경제학원론,1857,금2~4,미래융합자유전공학부
경제학원론,176,"월4,화4~5",경영학과
경제학원론,1531,"화10,화7~8",경영학과
경제학원론,1839,금2~4,경영학과
고전음악과 인간의 삶,840,목8~10,공통(교양)
"과거, 현재, 미래의 법률 논쟁",1091,금2~4,공통(교양)
교양인 화법과 태도,823,화5~7,공통(교양)
"교육고전과 인성(구, 교육고전의이해)",810,목1~3,공통(교양)
교육과정 및 교육평가,834,화6~7,공통(교양)
교육방법 및 교육공학,825,수1~2,공통(교양)
교육봉사활동,898,목8~9,공통(교양)
교육철학 및 교육사,841,화8~9,공통(교양)
교직소양교육 Ⅰ,571,월2,유아교육과
교직실무,1013,월8~9,공통(교양)
교회음악과 현악교수법 I,907,월4~6,공통(교양)
교회음악과 현악교수법 II,844,월7~9,공통(교양)
국제경영학,172,월1~3,경영학과
국제사이버법의 이해,891,수6~8,공통(교양)
국제사회복지론,530,월6~8,사회복지학과
글로벌 문화와 비즈니스 매너,1032,목6~8,공통(교양)
글로벌 문화콘텐츠 창업 성공전략,1050,월4~6,공통(교양)
글로벌매너와 이미지메이킹,1606,화6~8,항공관광외국어학부
글로컬 영어 I,358,수1~3,간호학과
글로컬 영어 I,1303,?,건축학과(4년)
글로컬 영어 I,1229,월1~3,건축학과(5년)
글로컬 영어 I,802,목1~3,데이터클라우드공학과
글로컬 영어 I,714,목1~3,동물자원과학과
글로컬 영어 I,195,화1~3,물리치료학과
글로컬 영어 I,1573,"수6~9,금10~11",미래융합자유전공학부
글로컬 영어 I,1574,"수6~9,금10~11",미래융합자유전공학부
글로컬 영어 I,1575,"월6~9,금10~11",미래융합자유전공학부
글로컬 영어 I,1576,"월6~9,금10~11",미래융합자유전공학부
글로컬 영어 I,1577,"목6~9,금10~11",미래융합자유전공학부
글로컬 영어 I,1578,"목6~9,금10~11",미래융합자유전공학부
글로컬 영어 I,1579,"수1~4,금10~11",미래융합자유전공학부
글로컬 영어 I,1580,"수1~4,금10~11",미래융합자유전공학부
글로컬 영어 I,1535,수1~3,바이오융합공학과
글로컬 영어 I,444,월1~3,보건관리학과
글로컬 영어 I,152,화1~3,식품영양학과
글로컬 영어 I,593,수1~3,인공지능융합학부
글로컬 영어 I,747,월1~3,컴퓨터공학부
글로컬 영어 I,42,화1~3,화학생명과학과
글로컬 영어 I,1482,화1~3,환경디자인원예학과
글로컬 영어 I,477,월1~3,신학과
글로컬 영어 I,126,목5~7,약학과 (6년제)
글로컬 영어 I,1444,목1~3,경영학과
글로컬 영어 I,1023,화10~12,공통(교양)
글로컬 영어 I,1024,월1~3,공통(교양)
글로컬 영어 I,1645,화1~3,공통(교양)
글로컬 영어 I,1646,수1~3,공통(교양)
글로컬 영어 I,1647,목1~3,공통(교양)
글로컬 영어 I,1651,월1~3,공통(교양)
글로컬 영어 I,1652,화1~3,공통(교양)
글로컬 영어 I,1653,수1~3,공통(교양)
글로컬 영어 I,1654,목1~3,공통(교양)
글로컬 영어 I,1655,월1~3,공통(교양)
글로컬 영어 I,1656,화1~3,공통(교양)
글로컬 영어 I,1657,수1~3,공통(교양)
글로컬 영어 I,1658,목1~3,공통(교양)
글로컬 영어 I,1659,월1~3,공통(교양)
글로컬 영어 I,1660,화1~3,공통(교양)
글로컬 영어 I,1661,수1~3,공통(교양)
글로컬 영어 I,1662,목1~3,공통(교양)
글로컬 영어 I,1663,월1~3,공통(교양)
글로컬 영어 I,1664,화1~3,공통(교양)
글로컬 영어 I,1665,수1~3,공통(교양)
글로컬 영어 I,1666,목1~3,공통(교양)
글로컬 영어 I,1667,월1~3,공통(교양)
글로컬 영어 I,1668,화1~3,공통(교양)
글로컬 영어 I,1669,수1~3,공통(교양)
글로컬 영어 I,1670,목1~3,공통(교양)
글로컬 영어 I,1671,월1~3,공통(교양)
글로컬 영어 I,1672,화1~3,공통(교양)
글로컬 영어 I,1673,수1~3,공통(교양)
글로컬 영어 I,1674,목1~3,공통(교양)
글로컬 영어 I,1675,월1~3,공통(교양)
글로컬 영어 I,1676,화1~3,공통(교양)
글로컬 영어 I,1677,수1~3,공통(교양)
글로컬 영어 I,1678,목1~3,공통(교양)
글로컬 영어 I,1679,월1~3,공통(교양)
글로컬 영어 I,1680,화1~3,공통(교양)
글로컬 영어 I,1681,수1~3,공통(교양)
글로컬 영어 I,1682,목1~3,공통(교양)
글로컬 영어 I,1683,월1~3,공통(교양)
글로컬 영어 I,1684,화1~3,공통(교양)
글로컬 영어 I,1685,수1~3,공통(교양)
글로컬 영어 I,1686,목1~3,공통(교양)
글로컬 영어 I,663,월1~3,글로벌한국학과
글로컬 영어 I,534,수1~3,사회복지학과
글로컬 영어 I,60,화1~3,상담심리학과
글로컬 영어 I,1333,목1~3,아트앤디자인학과
글로컬 영어 I,1124,월1~3,영어영문학과
글로컬 영어 I,584,목1~3,유아교육과
글로컬 영어 I,244,수1~3,음악학과
글로컬 영어 I,395,목1~3,체육학과
글로컬 영어 I,1610,월1~3,항공관광외국어학부
글로컬리더십_글로벌 문제해결,1068,금5~7,공통(교양)
글로컬리더십_창의적 문제해결,1081,금5~7,공통(교양)
긍정심리학,829,목7~9,공통(교양)
기업가정신과 4차 산업혁명,1098,목5~7,공통(교양)
"기업가정신과 창업(구,창업 및 벤처경영론)",1429,월2~4,경영학과
"기업가정신과 창업입문(구,기업가정신과 창업)",1109,수5~7,공통(교양)
기초 드로잉,1334,화5~7,아트앤디자인학과
기초 드로잉,1335,월1~3,아트앤디자인학과
기초 드로잉,1336,금1~3,아트앤디자인학과
기초생물학,1000,수7~9,공통(교양)
기후재난과 대비,1041,월2~4,공통(교양)
나노융합과 미래,932,화5~7,공통(교양)
노인보건학,458,화2~4,보건관리학과
노작교육 I,498,수5~6,신학과
노작교육(그린교육),372,수7~8,간호학과
노작교육(그린교육),799,월5~6,데이터클라우드공학과
노작교육(그린교육),709,목5~6,동물자원과학과
노작교육(그린교육),1547,목7~8,바이오융합공학과
노작교육(그린교육),446,목7~8,보건관리학과
노작교육(그린교육),594,화5~6,인공지능융합학부
노작교육(그린교육),755,월5~6,컴퓨터공학부
노작교육(그린교육),35,목5~6,화학생명과학과
노작교육(그린교육),1490,월5~6,환경디자인원예학과
노작교육(그린교육),1771,수4~5,환경디자인원예학과
노작교육(그린교육),130,금5~6,약학과 (6년제)
노작교육(그린교육),1452,월7~8,경영학과
노작교육(그린교육),1123,월7~8,영어영문학과
노작교육(그린교육),583,월7~8,유아교육과
노작교육(그린교육),242,금5~6,음악학과
노작교육(그린교육),1612,목7~8,항공관광외국어학부
녹색도시와 인간생활,1740,월6~8,공통(교양)
논어 다시읽기,1039,목6~8,공통(교양)
농구 (교양),821,월2~3,공통(교양)
"다문화와 사회통합(구, 다문화의 이해)",1016,수6~8,공통(교양)
대인관계 심리학,869,화7~9,공통(교양)
대학 한국어 쓰기,830,수4~6,공통(교양)
대학 한국어 읽기,813,수1~3,공통(교양)
대학수학,1856,금1~3,미래융합자유전공학부
대학수학,102,월6~8,약학과 (6년제)
대학수학,975,화4~6,공통(교양)
"대학한국어I(구, 외국학생용 한국어교육 I)",1781,월2~4,인공지능융합학부
"대학한국어I(구, 외국학생용 한국어교육 I)",1791,"월9,화6~7",경영학과
"대학한국어I(구, 외국학생용 한국어교육 I)",1811,"월9,화6~7",경영학과
"대학한국어I(구, 외국학생용 한국어교육 I)",943,화4~6,공통(교양)
"대학한국어I(구, 외국학생용 한국어교육 I)",1830,월2~4,글로벌한국학과
"대학한국어I(구, 외국학생용 한국어교육 I)",1831,월6~8,글로벌한국학과
대학한국어Ⅱ,1810,화4~6,경영학과
대학한국어Ⅱ,1812,화4~6,경영학과
데이터 비즈니스 활용,1088,목5~7,공통(교양)
도덕적 딜레마와 정의로운 삶,925,목5~7,공통(교양)
도시과학과 리빙랩 아이디어 설계,1007,월4~6,공통(교양)
동물자원과학개론,699,수2~4,동물자원과학과
동물자원과학개론,1838,수2~4,공통(교양)
디자인 씽킹과 창업,1042,월7~9,공통(교양)
디자인 씽킹과 창의적 문제해결,1344,화5~7,아트앤디자인학과
디자인 씽킹과 창의적 문제해결,1368,화1~3,아트앤디자인학과
디자인학개론,1861,금1~3,미래융합자유전공학부
디지털교육,1738,목1~2,공통(교양)
디지털디자인 I,1338,금1~3,아트앤디자인학과
디지털디자인 I,1339,월1~3,아트앤디자인학과
디지털디자인 I,1340,월5~7,아트앤디자인학과
라이프스타일과 건강관리I,1021,수7~8,공통(교양)
"라틴문화예술의 이해(구, 스페인문화와 언어)",822,월3~5,공통(교양)
마케팅원론,174,화7~9,경영학과
마케팅원론,1442,목6~8,경영학과
마케팅원론,1453,"월9,수6~7",경영학과
매직테니스,988,수5~6,공통(교양)
명인과의 토크 콘서트,920,목2~4,공통(교양)
문학과 종교적 상상력,1031,월5~7,공통(교양)
문학적 상상력의 3D 구현,1048,월5~7,공통(교양)
"문화와 사회, 그리고 인간(문사인(文社人))",1741,목5~7,공통(교양)
물리치료학개론,178,월2~4,물리치료학과
미디어로 보는 일본,1004,목2~4,공통(교양)
미래직업과 신직업 탐색,871,수5~6,공통(교양)
미술의 이해,854,월7~9,공통(교양)
바이러스의 세계와 생명공학,858,수1~3,공통(교양)
바이오산업개론,1548,화2~4,바이오융합공학과
배구,1742,목3~4,공통(교양)
배구I,424,목5~6,체육학과
배드민턴,1705,수3~4,공통(교양)
배드민턴,1706,월5~6,공통(교양)
범죄와 법,876,월6~8,공통(교양)
"범창범주 I(구,범창범주)",278,일14~15,음악학과
베스트셀러로 철학하기,1107,월6~8,공통(교양)
보건교육,390,화2,간호학과
보건학개론,461,수6~8,보건관리학과
보건헬스 기계학습,1386,월1~3,SW보건빅데이터
보건헬스 기계학습,1407,월1~3,SW중독심리
보건헬스 기계학습,1400,월1~3,SW중독재활
북한사회와주민생활,1082,화2~3,공통(교양)
빅데이터 이해와 활용,879,월5~7,공통(교양)
빅데이터분석을 위한 기초통계,1862,금2~4,미래융합자유전공학부
사고와 표현,474,화5~7,신학과
사고와 표현,1635,월6~8,경영학과
사고와 표현,1853,월6~8,경영학과
사고와 표현,1112,월5~7,공통(교양)
사고와 표현,1687,화5~7,공통(교양)
사고와 표현,1688,수5~7,공통(교양)
사고와 표현,1689,목5~7,공통(교양)
사고와 표현,1690,수2~4,공통(교양)
사고와 표현,1691,목2~4,공통(교양)
사고와 표현,1692,수2~4,공통(교양)
사고와 표현,1693,수5~7,공통(교양)
사고와 표현,1694,수5~7,공통(교양)
사고와 표현,1695,수2~4,공통(교양)
사고와 표현,1696,월2~4,공통(교양)
사고와 표현,1697,월6~8,공통(교양)
사고와 표현,1698,월3~5,공통(교양)
사고와 표현,1699,수1~3,공통(교양)
사고와 표현,1700,목7~9,공통(교양)
사고와 표현,1701,목2~4,공통(교양)
사고와 표현,1702,목6~8,공통(교양)
사고와 표현,1703,수1~3,공통(교양)
사고조사기법,832,수8~10,공통(교양)
사고조사이론,968,목7~9,공통(교양)
사회복지학개론,535,월2~4,사회복지학과
사회복지현장의 이해,541,금2~4,사회복지학과
사회심리학,467,목2~4,보건관리학과
사회학개론,1855,금1~3,미래융합자유전공학부
상담학개론,84,수6~8,상담심리학과
생리학,391,목3~4,간호학과
생명과학,132,목5~7,식품영양학과
생활교양한문,981,목5~7,공통(교양)
생활교육과 리더십Ⅰ,1828,화10~11,공통(교양)
생활속 물리,1040,월7~9,공통(교양)
생활속의 화학,993,수6~8,공통(교양)
생활영성 I,490,수9,신학과
서비스 경영실무(SMAT),892,화2~4,공통(교양)
성경총론,500,금1~3,신학과
성서교리 I,487,화2~3,신학과
세계 식문화의 이해,843,화2~4,공통(교양)
"세계문화와 종교(구,세계의 종교)",996,화6~8,공통(교양)
"세상속의 화학: 물질, 에너지, 환경",1824,?,공통(교양)
소그룹 리더십 I,877,화11~13,공통(교양)
소비자와 시장경제,1080,월5~7,공통(교양)
소프트웨어 원리,806,화5~7,데이터클라우드공학과
소프트웨어 원리,1589,화1~3,인공지능융합학부
소프트웨어 원리,733,수1~3,컴퓨터공학부
소프트웨어 원리,734,수4~6,컴퓨터공학부
소프트웨어 이해와 문제해결,1102,목5~7,공통(교양)
수영 I,432,화5~6,체육학과
수영초급,953,월5~6,공통(교양)
숨 쉬는 자연 속 공감 디자인,1008,화5~7,공통(교양)
스마트헬스케어와 치료제,1387,목6~8,SW보건빅데이터 / 보건빅데이터
스마트헬스케어와 치료제,1410,목6~8,SW중독심리
스마트헬스케어와 치료제,1398,목6~8,SW중독재활
스케이트 초급,886,금5~6,공통(교양)
스쿼시,842,금3~4,공통(교양)
스타트업리더십,990,목6~8,공통(교양)
스토리텔링과 미디어 콘텐츠,659,월5~7,글로벌한국학과
스포츠교육학,437,수4~6,체육학과
스포츠생물학,435,월2~4,체육학과
"스포츠와 음악(구, 스포츠음악의 이해)",950,화4~6,공통(교양)
스피치와 프리젠테이션,1037,월5~6,공통(교양)
스피치와 프리젠테이션,1707,월7~8,공통(교양)
시각메타디자인,1341,수1~3,아트앤디자인학과
시각메타디자인,1342,수5~7,아트앤디자인학과
시각메타디자인,1343,목5~7,아트앤디자인학과
"시민윤리(구, 그리스도인 생활윤리)",951,수6~8,공통(교양)
시창청음 I,231,월1~2,음악학과
시창청음 I,232,목1~2,음악학과
식품재료학,137,화5~7,식품영양학과
신체자세와동작요법,941,목6~7,공통(교양)
심리학개론,59,월1~3,상담심리학과
심리학개론,79,수1~3,상담심리학과
알기쉬운 미적분학,934,화1~3,공통(교양)
앙상블 레퍼토리Ⅰ,303,화2~3,음악학과
앙상블 레퍼토리Ⅰ,304,목5~6,음악학과
앙상블 레퍼토리Ⅰ,1323,목9~10,음악학과
약무행정,124,화2~3,약학과 (6년제)
약사 및 의료종사자를 위한 일반법률 상식,1015,월2~4,공통(교양)
약학개론,127,금2~3,약학과 (6년제)
언어와 예술,998,월7~9,공통(교양)
언어의 세계와 소통,855,수2~4,공통(교양)
언어학의 이해,1854,금2~4,미래융합자유전공학부
엔터테인먼트 마케팅,1440,금5~7,경영학과
영미문학개론,1146,"화3,수2~3",영어영문학과
영미소설의 이해 (교양),856,화5~7,공통(교양)
영상과 신체의 융합,1820,수5~7,공통(교양)
영양과 예방의학,157,수1~3,식품영양학과
영어어휘 및 발음,1121,"월6,목5~6",영어영문학과
영작문,865,수7~9,공통(교양)
영화속 음악 산책,977,목7~9,공통(교양)
영화속의 법률이야기,845,화6~8,공통(교양)
영화읽기와 감정수업,1066,월2~4,공통(교양)
예비부모교육,999,수7~9,공통(교양)
예술과 과학기술,976,목2~4,공통(교양)
요한복음으로 살피는 예수의 메시지,1744,수5~7,공통(교양)
원예학개론,1480,목5~7,환경디자인원예학과
웹 프로그래밍의 기초와 이해,1069,화5~7,공통(교양)
윈드서핑 초급,952,화10~11,공통(교양)
유아교육론,553,수1~3,유아교육과
유아교육론,554,수5~7,유아교육과
유아음악교육,555,수1~3,유아교육과
유아음악교육,556,수5~7,유아교육과
육상 I,433,화2~3,체육학과
윤리경영,171,월6~8,경영학과
윤리경영,1445,수2~4,경영학과
음식과 생활윤리,1063,수2~4,공통(교양)
음악교육과 나눔실천,965,수2~4,공통(교양)
음악기초이론 I,294,수5~6,음악학과
음악기초이론 I,295,월5~6,음악학과
응급처치 및 CPR,1020,월7~8,공통(교양)
의사소통의 심리학,1863,금1~3,미래융합자유전공학부
의학용어,193,월6~8,물리치료학과
이산수학,1782,수5~7,인공지능융합학부
이태리딕션 및 앙상블 I,239,수5~6,음악학과
인간과 곤충,933,월1~3,공통(교양)
"인간과 행동과학(구, 뇌와 인간행동의 이해)",1089,목7~9,공통(교양)
인간관계 심리학,1837,월4~6,공통(교양)
인간관계 심리학,81,월4~6,상담심리학과
인공지능 반도체 개론,618,월6~8,인공지능융합학부
인공지능개론,1587,월7~9,인공지능융합학부
인문-디지털 가상현실의 문자적 경험,819,월2~4,공통(교양)
인문학적 사고로 바라본 중국이야기,1083,화5~7,공통(교양)
인생설계와 진로 I,343,화9,간호학과
인생설계와 진로 I,344,화9,간호학과
인생설계와 진로 I,348,화9,간호학과
인생설계와 진로 I,349,화9,간호학과
인생설계와 진로 I,350,화9,간호학과
인생설계와 진로 I,351,화9,간호학과
인생설계와 진로 I,352,화9,간호학과
인생설계와 진로 I,353,화9,간호학과
인생설계와 진로 I,354,화9,간호학과
인생설계와 진로 I,1268,화10,건축학과(4년)
인생설계와 진로 I,1269,화10,건축학과(4년)
인생설계와 진로 I,1270,화10,건축학과(4년)
인생설계와 진로 I,1271,?,건축학과(4년)
인생설계와 진로 I,1272,?,건축학과(4년)
인생설계와 진로 I,1273,화10,건축학과(4년)
인생설계와 진로 I,1183,화10,건축학과(5년)
인생설계와 진로 I,1184,화9,건축학과(5년)
인생설계와 진로 I,1185,화9,건축학과(5년)
인생설계와 진로 I,1186,화10,건축학과(5년)
인생설계와 진로 I,1187,화9,건축학과(5년)
인생설계와 진로 I,1188,화9,건축학과(5년)
인생설계와 진로 I,794,화9,데이터클라우드공학과
인생설계와 진로 I,716,화9,동물자원과학과
인생설계와 진로 I,1884,화9,동물자원과학과
인생설계와 진로 I,202,화5,물리치료학과
인생설계와 진로 I,203,화5,물리치료학과
인생설계와 진로 I,204,화5,물리치료학과
인생설계와 진로 I,205,화5,물리치료학과
인생설계와 진로 I,206,화5,물리치료학과
인생설계와 진로 I,210,화5,물리치료학과
인생설계와 진로 I,211,화5,물리치료학과
인생설계와 진로 I,1161,"월1,목13",미래융합자유전공학부
인생설계와 진로 I,1162,"월1,목13",미래융합자유전공학부
인생설계와 진로 I,1163,"월3,목13",미래융합자유전공학부
인생설계와 진로 I,1164,"월3,목13",미래융합자유전공학부
인생설계와 진로 I,1165,"목13,목3",미래융합자유전공학부
인생설계와 진로 I,1166,"목13,목3",미래융합자유전공학부
인생설계와 진로 I,1167,"목1,목13",미래융합자유전공학부
인생설계와 진로 I,1168,"목1,목13",미래융합자유전공학부
인생설계와 진로 I,1711,"월2,목13",미래융합자유전공학부
인생설계와 진로 I,1712,"월2,목13",미래융합자유전공학부
인생설계와 진로 I,1713,"월4,목13",미래융합자유전공학부
인생설계와 진로 I,1714,"월4,목13",미래융합자유전공학부
인생설계와 진로 I,1715,"목13,목4",미래융합자유전공학부
인생설계와 진로 I,1716,"목13,목4",미래융합자유전공학부
인생설계와 진로 I,1717,"목13,목2",미래융합자유전공학부
인생설계와 진로 I,1718,"목13,목2",미래융합자유전공학부
인생설계와 진로 I,1536,화9,바이오융합공학과
인생설계와 진로 I,1537,화9,바이오융합공학과
인생설계와 진로 I,1538,화9,바이오융합공학과
인생설계와 진로 I,453,화9,보건관리학과
인생설계와 진로 I,454,화9,보건관리학과
인생설계와 진로 I,455,화9,보건관리학과
인생설계와 진로 I,456,화9,보건관리학과
인생설계와 진로 I,161,화9,식품영양학과
인생설계와 진로 I,162,화9,식품영양학과
인생설계와 진로 I,164,화9,식품영양학과
인생설계와 진로 I,639,화9,인공지능융합학부
인생설계와 진로 I,640,화9,인공지능융합학부
인생설계와 진로 I,641,화9,인공지능융합학부
인생설계와 진로 I,642,화9,인공지능융합학부
인생설계와 진로 I,643,화9,인공지능융합학부
인생설계와 진로 I,644,화9,인공지능융합학부
인생설계와 진로 I,645,화9,인공지능융합학부
인생설계와 진로 I,646,화9,인공지능융합학부
인생설계와 진로 I,1792,화9,인공지능융합학부
인생설계와 진로 I,722,화10,컴퓨터공학부
인생설계와 진로 I,723,화9,컴퓨터공학부
인생설계와 진로 I,1878,화10,컴퓨터공학부
인생설계와 진로 I,1879,화9,컴퓨터공학부
인생설계와 진로 I,47,화9,화학생명과학과
인생설계와 진로 I,48,화9,화학생명과학과
인생설계와 진로 I,49,화9,화학생명과학과
인생설계와 진로 I,50,화9,화학생명과학과
인생설계와 진로 I,51,화9,화학생명과학과
인생설계와 진로 I,52,화9,화학생명과학과
인생설계와 진로 I,53,화9,화학생명과학과
인생설계와 진로 I,1494,화9,환경디자인원예학과
인생설계와 진로 I,1495,화9,환경디자인원예학과
인생설계와 진로 I,1496,화9,환경디자인원예학과
인생설계와 진로 I,501,화8,신학과
인생설계와 진로 I,502,화8,신학과
인생설계와 진로 I,504,화8,신학과
인생설계와 진로 I,112,화9,약학과 (6년제)
인생설계와 진로 I,1842,화9,약학과 (6년제)
인생설계와 진로 I,1843,화9,약학과 (6년제)
인생설계와 진로 I,1844,화9,약학과 (6년제)
인생설계와 진로 I,1845,화9,약학과 (6년제)
인생설계와 진로 I,1846,화9,약학과 (6년제)
인생설계와 진로 I,1847,화9,약학과 (6년제)
인생설계와 진로 I,1848,화9,약학과 (6년제)
인생설계와 진로 I,1772,화9,경영학과
인생설계와 진로 I,1773,화9,경영학과
인생설계와 진로 I,1774,화9,경영학과
인생설계와 진로 I,1775,화9,경영학과
인생설계와 진로 I,1776,화9,경영학과
인생설계와 진로 I,1777,화9,경영학과
인생설계와 진로 I,671,월9,글로벌한국학과
인생설계와 진로 I,672,화9,글로벌한국학과
인생설계와 진로 I,673,화9,글로벌한국학과
인생설계와 진로 I,524,화9,사회복지학과
인생설계와 진로 I,525,화9,사회복지학과
인생설계와 진로 I,526,화9,사회복지학과
인생설계와 진로 I,516,화9,상담심리학과
인생설계와 진로 I,517,화9,상담심리학과
인생설계와 진로 I,518,화9,상담심리학과
인생설계와 진로 I,519,화9,상담심리학과
인생설계와 진로 I,1329,화9,아트앤디자인학과
인생설계와 진로 I,1330,화9,아트앤디자인학과
인생설계와 진로 I,1331,화9,아트앤디자인학과
인생설계와 진로 I,1332,화9,아트앤디자인학과
인생설계와 진로 I,1149,화9,영어영문학과
인생설계와 진로 I,1150,화9,영어영문학과
인생설계와 진로 I,572,화9,유아교육과
인생설계와 진로 I,573,화9,유아교육과
인생설계와 진로 I,574,화9,유아교육과
인생설계와 진로 I,575,화9,유아교육과
인생설계와 진로 I,268,화9,음악학과
인생설계와 진로 I,269,화9,음악학과
인생설계와 진로 I,270,화9,음악학과
인생설계와 진로 I,418,화9,체육학과
인생설계와 진로 I,419,화9,체육학과
인생설계와 진로 I,420,화9,체육학과
인생설계와 진로 I,421,화9,체육학과
인생설계와 진로 I,422,화9,체육학과
인생설계와 진로 I,1600,화9,항공관광외국어학부
인생설계와 진로 I,1601,화9,항공관광외국어학부
인생설계와 진로 I,1602,화9,항공관광외국어학부
인생설계와 진로 I,1604,화9,항공관광외국어학부
인생설계와 진로 I,1798,화9,항공관광외국어학부
인성과사회,331,화6~7,간호학과
인성과사회,332,화4~5,간호학과
인성과사회,1276,수1~2,건축학과(4년)
인성과사회,1171,수1~2,건축학과(5년)
인성과사회,795,수2~3,데이터클라우드공학과
인성과사회,691,월2~3,동물자원과학과
인성과사회,215,화6~7,물리치료학과
인성과사회,1155,화5~6,미래융합자유전공학부
인성과사회,1156,화5~6,미래융합자유전공학부
인성과사회,1157,화7~8,미래융합자유전공학부
인성과사회,1158,화7~8,미래융합자유전공학부
인성과사회,1159,화7~8,미래융합자유전공학부
인성과사회,1160,화5~6,미래융합자유전공학부
인성과사회,1555,수4~5,바이오융합공학과
인성과사회,465,월4~5,보건관리학과
인성과사회,147,수6~7,식품영양학과
인성과사회,601,월3~4,인공지능융합학부
인성과사회,602,월1~2,인공지능융합학부
인성과사회,753,수2~3,컴퓨터공학부
인성과사회,754,수5~6,컴퓨터공학부
인성과사회,54,화7~8,화학생명과학과
인성과사회,55,화5~6,화학생명과학과
인성과사회,1522,목2~3,환경디자인원예학과
인성과사회,122,화6~7,약학과 (6년제)
인성과사회,1461,월2~3,경영학과
인성과사회,670,화7~8,글로벌한국학과
인성과사회,538,화4~5,사회복지학과
인성과사회,86,화6~7,상담심리학과
인성과사회,778,화5~6,아트앤디자인학과
인성과사회,1113,화2~3,아트앤디자인학과
인성과사회,1125,수6~7,영어영문학과
인성과사회,559,화6~7,유아교육과
인성과사회,279,화4~5,음악학과
인성과사회,416,금3~4,체육학과
인성과사회,1619,월6~7,항공관광외국어학부
일반물리학 및 실험 I,192,금2~5,물리치료학과
일반물리학 및 실험 I,19,금6~9,화학생명과학과
일반생물학,706,월5~7,동물자원과학과
일반생물학,1858,금1~3,미래융합자유전공학부
일반생물학 및 실험 I,186,수2~4,물리치료학과
일반생물학 I,3,금2~4,화학생명과학과
일반생물학 I,101,목8~9,약학과 (6년제)
일반생물학실험 I,16,수2~3,화학생명과학과
일반생물학실험 I,17,수5~6,화학생명과학과
일반화학,1859,금2~4,미래융합자유전공학부
일반화학,141,목1~3,식품영양학과
일반화학 및 실험,1546,월2~4,바이오융합공학과
일반화학 I,29,월1~3,화학생명과학과
일반화학 I 및 실험,129,수2~4,약학과 (6년제)
일반화학실험I,39,수5~6,화학생명과학과
일반화학실험I,40,수2~3,화학생명과학과
일본문화와 언어,964,화2~4,공통(교양)
일본문화와 언어,1611,화3~5,항공관광외국어학부
재미와 상식으로 살펴보는 인류와 질병의 뒷이야기,1745,화5~7,공통(교양)
전공실기 I,271,일0,음악학과
전공실기 II,224,일0,음악학과
전공탐색과 미래설계,1564,화1~4,미래융합자유전공학부
"전인건강과 교양인의 삶(구,전인적 건강과 신앙)",808,월5~7,공통(교양)
조직행동과 사회,924,수5~7,공통(교양)
종교와과학,485,목1~3,신학과
종교음악의 이해,1079,화2~4,공통(교양)
중국문화와 언어,851,월5~7,공통(교양)
중국문화와언어(중국사회와 문화),1609,목2~4,항공관광외국어학부
중국어 기초회화,1067,수5~6,공통(교양)
중국언어와 예술,922,화5~7,공통(교양)
"지구의 기원(구, 창조론과 과학)",1059,목5~7,공통(교양)
지역사회공헌,937,?,공통(교양)
창업기초1,956,목2~4,공통(교양)
창업기초2,942,수4~6,공통(교양)
창업기초3,887,수7~9,공통(교양)
"채식과 건강(구, 채식과 건강II)",1092,수6~8,공통(교양)
"채용시장 이해와 직무·직업 탐색(구, 여성비전과 미래직업)",1062,목7~8,공통(교양)
채플,365,화8,간호학과
채플,1290,화8,건축학과(4년)
채플,1170,화8,건축학과(5년)
채플,791,화8,데이터클라우드공학과
채플,688,화8,동물자원과학과
채플,198,화9,물리치료학과
채플,1169,화9,미래융합자유전공학부
채플,1563,화8,바이오융합공학과
채플,443,화8,보건관리학과
채플,159,화8,식품영양학과
채플,592,화8,인공지능융합학부
채플,726,화8,컴퓨터공학부
채플,56,목7,화학생명과학과
채플,1507,화8,환경디자인원예학과
채플,476,수2~3,신학과
채플,114,화8,약학과 (6년제)
채플,1450,화8,경영학과
채플,1793,월5,경영학과
채플,679,수9,글로벌한국학과
채플,532,화8,사회복지학과
채플,65,수4,상담심리학과
채플,1114,화8,아트앤디자인학과
채플,1133,화8,영어영문학과
채플,567,화8,유아교육과
채플,280,화8,음악학과
채플,409,화8,체육학과
채플,1616,월8,항공관광외국어학부
처음 만나는 인공지능,833,목6~8,공통(교양)
처음 만나는 중국어,1821,수6~8,공통(교양)
체육학 개론,434,월6~8,체육학과
"초급 스페인어(구, 기초스페인어)",889,월1~2,공통(교양)
"초급프랑스어Ⅰ(구, 기초프랑스어)",839,목5~6,공통(교양)
초급프랑스어II,826,수5~6,공통(교양)
축구,914,목5~6,공통(교양)
취업정보분석과 입사전략,1047,수5~6,공통(교양)
취업정보분석과 입사전략,1708,수7~8,공통(교양)
취업정보분석과 입사전략,1709,수2~3,공통(교양)
컴퓨터와 창의적 사고,1784,목1~3,인공지능융합학부
컴퓨터와 창의적 사고,1785,목6~8,인공지능융합학부
컴퓨팅 사고 : Python 프로그래밍,1860,금2~4,미래융합자유전공학부
클래식 음악과 여행,838,수7~9,공통(교양)
타자성의 철학,1056,화2~4,공통(교양)
탄소중립과 미래기술,1038,화6~8,공통(교양)
토양비료학,1527,수6~8,환경디자인원예학과
토익I (Total Toeic Care I)-초급,1052,?,공통(교양)
토익II (Total Toeic Care II)-중급,894,?,공통(교양)
통계적학습 및 인공지능,1825,?,공통(교양)
통번역을 위한 영국사회 이해,1147,"화5~6,수5",영어영문학과
특수교육학개론,949,목3~4,공통(교양)
평생교육론,1099,화5~7,공통(교양)
표현기법,1850,목5~8,건축학과(4년)
표현기법,1851,금5~8,건축학과(4년)
표현기법,1195,금5~8,건축학과(5년)
표현기법,1196,목5~8,건축학과(5년)
표현기법,1197,목5~8,건축학과(5년)
표현기법,1198,금5~8,건축학과(5년)
"프랑스 문화(구, 프랑스 문화와 언어)",1060,목7~9,공통(교양)
피아노문헌 I,306,금2~3,음악학과
학교현장실습(교육실습),1737,월10~11,공통(교양)
한국어 독해 연습,676,금6~8,글로벌한국학과
한국어 독해 연습,677,화2~4,글로벌한국학과
한국어 독해 연습,1833,화6~8,글로벌한국학과
한국어학개론,655,월2~4,글로벌한국학과
한국어학개론,656,수5~7,글로벌한국학과
한국어학개론,1835,월6~8,글로벌한국학과
한류 문화 속 전통무용,1104,수2~4,공통(교양)
한류 콘텐츠 입문,667,화2~4,글로벌한국학과
한류 콘텐츠 입문,668,화6~8,글로벌한국학과
한류 콘텐츠 입문,1834,화2~4,글로벌한국학과
합주 및 오케스트라 레파토리 I,289,일6~9,음악학과
"합창과 인성(구, 교회합창)",916,수10~12,공통(교양)
"합창과 인성(구, 교회합창)",1710,수10~12,공통(교양)
해부학,392,수5~6,간호학과
헬스 클리닉,1073,목8~9,공통(교양)
"현대 중국의 이해(구, 현대 중국사회의 이해)",867,월5~7,공통(교양)
현대미술론,1337,목5~7,아트앤디자인학과
현대의 시민생활과 법,1009,화2~4,공통(교양)
현실속의 수학,1823,?,공통(교양)
호신술,1829,수8~9,공통(교양)
환경디자인학 개론,1502,수1~3,환경디자인원예학과
환경디자인학 개론,1503,화5~7,환경디자인원예학과
AI 건강상담학,1733,화5~7,보건관리학과
AI 시대의 법과 윤리,1786,화5~7,인공지능융합학부
AI 웰니스 융합 프로젝트,1822,수2~4,공통(교양)
AI 코딩 첫걸음,1826,금5~7,공통(교양)
AI기반 기초와 활용,1780,수6~8,환경디자인원예학과
AI를 위한 미적분학,1751,목4~6,데이터클라우드공학과
AI를 위한 미적분학,1752,화1~3,데이터클라우드공학과
AI를 위한 미적분학,1758,화1~3,컴퓨터공학부
AI를 위한 미적분학,1759,목4~6,컴퓨터공학부
AI를 활용한 미래 도시문화 콘텐츠,1739,월1~3,공통(교양)
"AI리터러시와 문제해결(구, 컴퓨팅사고력)",1565,"월5~8,금12~13",미래융합자유전공학부
"AI리터러시와 문제해결(구, 컴퓨팅사고력)",1566,"월5~8,금12~13",미래융합자유전공학부
"AI리터러시와 문제해결(구, 컴퓨팅사고력)",1567,"수1~4,금12~13",미래융합자유전공학부
"AI리터러시와 문제해결(구, 컴퓨팅사고력)",1568,"수1~4,금12~13",미래융합자유전공학부
"AI리터러시와 문제해결(구, 컴퓨팅사고력)",1569,"수5~8,금12~13",미래융합자유전공학부
"AI리터러시와 문제해결(구, 컴퓨팅사고력)",1570,"수5~8,금12~13",미래융합자유전공학부
"AI리터러시와 문제해결(구, 컴퓨팅사고력)",1571,"목5~8,금12~13",미래융합자유전공학부
"AI리터러시와 문제해결(구, 컴퓨팅사고력)",1572,"목5~8,금12~13",미래융합자유전공학부
"AI리터러시와 문제해결(구, 컴퓨팅사고력)",1044,수12~14,공통(교양)
"AI리터러시와 문제해결(구, 컴퓨팅사고력)",1637,수12~14,공통(교양)
"AI리터러시와 문제해결(구, 컴퓨팅사고력)",1638,수12~14,공통(교양)
AI와 포토디자인,1061,화1~3,공통(교양)
AI와 함께하는 데이터 분석,1827,목8~10,공통(교양)
Concert Choir I,296,목3~4,음악학과
E-Business,1746,화1~3,경영학과
E-Business,1819,화4~6,경영학과
ESG경영,1443,목3~5,경영학과
Global Traveling,1046,수7~9,공통(교양)
"NCS 전략적 커리어개발의 이해(구,NCS직업기초능력의 이해)",1045,화7~8,공통(교양)
"NCS 전략적 커리어개발의 이해(구,NCS직업기초능력의 이해)",1639,목5~6,공통(교양)
"NCS 전략적 커리어개발의 이해(구,NCS직업기초능력의 이해)",1640,화5~6,공통(교양)
Reading Glocal News-문화예술,883,수7~9,공통(교양)
Reading Glocal News-문화예술,1641,월7~9,공통(교양)
Reading Glocal News-인문학,904,월7~9,공통(교양)
Reading Glocal News-자연과학,912,수7~9,공통(교양)
SUPREME교육 I,1581,"월6~9,수1~4,목6~9",미래융합자유전공학부
SUPREME교육 I,1582,"월6~9,수1~4,목6~9",미래융합자유전공학부
SUPREME교육 I,1583,"월6~9,수1~4,목6~9",미래융합자유전공학부
SUPREME교육 I,1584,"월1~4,수6~9,목1~4",미래융합자유전공학부
SUPREME교육 I,1585,"월1~4,수6~9,목1~4",미래융합자유전공학부
SUPREME교육 I,1586,"월1~4,수6~9,목1~4",미래융합자유전공학부
SW중심의 미래사회,986,목12~14,공통(교양)
SW중심의 미래사회,1642,목12~14,공통(교양)
Weekly Recital I,264,목7~8,음악학과
Weekly Recital I,265,수7~8,음악학과
Weekly Recital I,266,월5~6,음악학과
Weekly Recital II,223,월5~6,음악학과
19C 영시의 이해,1135,"수7,목2~3",영어영문학과
3D 디자인 I,1360,목5~7,아트앤디자인학과
3D 디자인 I,1361,수1~3,아트앤디자인학과
3D 디자인 I,1362,수1~3,아트앤디자인학과
3D 디자인 I,1883,목1~3,아트앤디자인학과
가족복지론,547,수6~8,사회복지학과
간호연구방법론,320,"월5~6,수7",간호학과
간호연구방법론,321,"월1~2,수8",간호학과
객체지향프로그래밍 Ⅰ,792,화1~3,데이터클라우드공학과
객체지향프로그래밍 Ⅰ,793,"월1~2,월4",데이터클라우드공학과
객체지향프로그래밍 Ⅰ,1866,금1~3,데이터클라우드공학과
객체지향프로그래밍 Ⅰ,748,"월1~2,월4",컴퓨터공학부
객체지향프로그래밍 Ⅰ,749,화1~3,컴퓨터공학부
객체지향프로그래밍응용,1867,"금4,금9",데이터클라우드공학과
객체지향프로그래밍응용,737,월5~6,컴퓨터공학부
객체지향프로그래밍응용,738,화4~5,컴퓨터공학부
건강심리학,105,월5~7,약학과 (6년제)
건축설계 I-A,1309,화5~9,건축학과(4년)
건축설계 I-A,1310,화5~9,건축학과(4년)
건축설계 I-A,1311,화5~9,건축학과(4년)
건축설계 I-A,1312,화5~9,건축학과(4년)
건축설계 I-A,1225,화5~9,건축학과(5년)
건축설계 I-A,1226,화5~9,건축학과(5년)
건축설계 I-A,1227,화5~9,건축학과(5년)
건축설계 I-A,1228,화5~9,건축학과(5년)
건축설계 I-B,1305,금5~9,건축학과(4년)
건축설계 I-B,1306,금5~9,건축학과(4년)
건축설계 I-B,1307,금5~9,건축학과(4년)
건축설계 I-B,1308,금5~9,건축학과(4년)
건축설계 I-B,1199,금5~9,건축학과(5년)
건축설계 I-B,1200,금5~9,건축학과(5년)
건축설계 I-B,1201,금5~9,건축학과(5년)
건축설계 I-B,1202,금5~9,건축학과(5년)
경영실무연습,1326,월1~3,경영학과
경영실무연습,1636,월7~9,경영학과
경영학원론,1432,"화2~3,수12",경영학과
고전작곡기법연구I,299,수6~7,음악학과
공중보건학,142,목1~3,식품영양학과
공학수학,604,"월1~2,월4",인공지능융합학부
관광경영의 이해,1622,월5~7,항공관광외국어학부
교내선교 및 실습 I,494,수1,신학과
교육학개론,578,목2~3,유아교육과
교직 논리 및 논술,515,금1~3,신학과
구조역학,1289,"월1~2,월4",건축학과(4년)
구조역학,1193,"월1~2,월4",건축학과(5년)
국제보건학,447,화2~4,보건관리학과
그래픽디자인 I(AI기초디자인),1525,목1~3,환경디자인원예학과
그리스어 I,513,월5~7,신학과
금융시장론,1434,목2~4,경영학과
기능성식품학,1550,월6~8,바이오융합공학과
기능훈련 및 일상생활동작,212,화1~4,물리치료학과
기본간호학 I,333,월1~2,간호학과
기본간호학 I,334,월5~6,간호학과
기본간호학실습 I,367,화1~2,간호학과
기본간호학실습 I,368,화3~4,간호학과
기본간호학실습 I,369,수3~4,간호학과
기본간호학실습 I,370,수5~6,간호학과
기본간호학실습 I,371,화6~7,간호학과
기초 컴퓨터 설계1,1517,금2~4,환경디자인원예학과
기초 컴퓨터 설계1,1518,금5~7,환경디자인원예학과
기초설계,1508,수5~7,환경디자인원예학과
기초설계,1509,금6~8,환경디자인원예학과
기초일본어회화,1594,수6~8,항공관광외국어학부
논리 및 논술,1497,화5~7,환경디자인원예학과
농업기상학,1474,월5~7,환경디자인원예학과
데이터 분석 기초,638,목2~4,인공지능융합학부
데이터베이스 기초,613,화6~8,인공지능융합학부
데이터베이스 기초,614,화1~3,인공지능융합학부
독일어딕션 및 앙상블 I,233,월5~6,음악학과
동물번식생리학,711,수5~7,동물자원과학과
동물생리학,712,목5~7,동물자원과학과
동물위생학,697,수1~3,동물자원과학과
동물행동학,698,목2~4,동물자원과학과
드라마와 영화를 통한 통번역실습 Ⅰ,1153,"월5,화3~4",영어영문학과
디지털 논리회로,774,금2~4,컴퓨터공학부
디지털 논리회로,1721,목2~4,컴퓨터공학부
디지털 논리회로,1756,목2~4,컴퓨터공학부
디지털 논리회로,1757,금2~4,컴퓨터공학부
디지털 디자인,1280,목1~3,건축학과(4년)
디지털 디자인,1281,목5~7,건축학과(4년)
디지털 디자인,1211,목5~7,건축학과(5년)
디지털 디자인,1212,목1~3,건축학과(5년)
디지털교육,577,월5~6,유아교육과
디지털프로그래밍,1388,수2~4,SW보건빅데이터
디지털프로그래밍,1405,수2~4,SW중독심리
디지털프로그래밍,1401,수2~4,SW중독재활
리더십 개발,359,목1~2,간호학과
리더십론,218,화1~3,경영학과
리더십론,1438,"화5~6,수5",경영학과
리더십론,1530,월2~4,경영학과
마케팅원론,617,금2~4,인공지능융합학부
모세오경,496,화1~3,신학과
무기화학 I,7,수2~4,화학생명과학과
무역개론(ENG),1836,월5~7,경영학과
무역실무,1449,월1~3,경영학과
물리약학 Ⅰ,125,목7~9,약학과 (6년제)
미디어 콘텐츠 제작의 심화,660,금6~8,글로벌한국학과
미디어 콘텐츠와 시나리오 창작,669,목5~7,글로벌한국학과
미술감상 및 비평,1345,목5~7,아트앤디자인학과
미술감상 및 비평,1346,금1~3,아트앤디자인학과
미술치료,61,목5~6,상담심리학과
바이오의약품학 입문,1551,화5~7,바이오융합공학과
반도체재료물성,637,목6~8,인공지능융합학부
반려동물관리학,713,수2~4,동물자원과학과
반주법 I,272,수5~6,음악학과
발효식품학,169,월4~6,식품영양학과
배드민턴 I,406,수1~2,체육학과
병리학,375,목6~7,간호학과
보건교육학,457,화5~7,보건관리학과
보건빅데이터통계분석,1389,수6~8,SW보건빅데이터 / 보건빅데이터
보건빅데이터통계분석,1408,수6~8,SW중독심리
보건빅데이터통계분석,1392,수6~8,SW중독재활
보건사회학,445,목5~7,보건관리학과
분류 및 해부학 실험,21,월6~9,화학생명과학과
분석화학 I,37,금6~8,화학생명과학과
분석화학실험,20,목2~5,화학생명과학과
분자생물학*,100,화6~8,약학과 (6년제)
비즈니스 데이터 분석,647,수5~7,인공지능융합학부
사도행전,514,목1~3,신학과
사회복지실천론,548,목2~4,사회복지학과
사회복지역사,522,화1~3,사회복지학과
사회복지와 문화다양성,546,목6~8,사회복지학과
사회심리학,76,수1~3,상담심리학과
상담의 이론과 실제,68,월2~4,상담심리학과
상담의 이론과 실제,85,화1~3,상담심리학과
생리학,144,"월1~2,화2",식품영양학과
생산운영관리,1448,"월4,목3~4",경영학과
생화학 I,28,화5~7,화학생명과학과
생활과 윤리,387,목8~9,간호학과
생활과 윤리,388,월7~8,간호학과
생활과 윤리,1247,월5~6,건축학과(4년)
생활과 윤리,1223,월5~6,건축학과(5년)
생활과 윤리,803,화4~5,데이터클라우드공학과
생활과 윤리,695,화4~5,동물자원과학과
생활과 윤리,177,월4~5,물리치료학과
생활과 윤리,1559,수6~7,바이오융합공학과
생활과 윤리,452,월7~8,보건관리학과
생활과 윤리,158,화5~6,식품영양학과
생활과 윤리,610,수3~4,인공지능융합학부
생활과 윤리,611,수1~2,인공지능융합학부
생활과 윤리,742,월4~5,컴퓨터공학부
생활과 윤리,743,월7~8,컴퓨터공학부
생활과 윤리,4,수8~9,화학생명과학과
생활과 윤리,5,수6~7,화학생명과학과
생활과 윤리,1481,화2~3,환경디자인원예학과
생활과 윤리,128,월1~2,약학과 (6년제)
생활과 윤리,1459,화2~3,경영학과
생활과 윤리,675,화5~6,글로벌한국학과
생활과 윤리,537,수2~3,사회복지학과
생활과 윤리,67,목2~3,상담심리학과
생활과 윤리,1115,수5~6,아트앤디자인학과
생활과 윤리,1116,수2~3,아트앤디자인학과
생활과 윤리,1126,수4~5,영어영문학과
생활과 윤리,586,화4~5,유아교육과
생활과 윤리,245,월1~2,음악학과
생활과 윤리,397,금1~2,체육학과
생활과 윤리,1620,월2~3,항공관광외국어학부
생활영성 III,482,목9,신학과
서비스경영론,1433,목6~8,경영학과
서양건축사,1288,수1~3,건축학과(4년)
서양건축사,1222,수1~3,건축학과(5년)
서양음악사 I,235,화6~7,음악학과
선교학개론,507,월1~3,신학과
선형대수학,625,월5~7,인공지능융합학부
선형대수학,718,"수5,금6~7",컴퓨터공학부
선형대수학,719,"수6,금8~9",컴퓨터공학부
성장과 발달,389,목3~4,간호학과
세포생물학 I,10,월2~4,화학생명과학과
소프트웨어개론,1390,화5~7,SW보건빅데이터
소프트웨어개론,1409,화5~7,SW중독심리
소프트웨어개론,1393,화5~7,SW중독재활
수치료 및 치료적 마사지학,185,수1~4,물리치료학과
숲생태 유아교육,557,수1~3,유아교육과
스쿼시,407,금5~6,체육학과
스포츠 영어 I,403,월1~2,체육학과
스포츠 응급처치,438,수8~9,체육학과
스포츠마사지,428,월7~9,체육학과
스포츠심리학,404,화6~8,체육학과
시청각 일본어 I,1596,목3~5,항공관광외국어학부
식물생리학 및 실험,1524,수1~3,환경디자인원예학과
식품생명공학 및 실험,1556,목2~4,바이오융합공학과
신경과학,201,"수6~7,목6~7",물리치료학과
신제품전략,1436,수6~8,경영학과
실내악 I,301,금10~11,음악학과
실내악 I,1327,금10~11,음악학과
실용 송라이팅과 창의적 사운드 디자인 연구Ⅰ,254,목2~4,음악학과
실용음악 프로듀싱 이론Ⅰ,260,수3~5,음악학과
실용피아노(재즈와 CCM반주코드) I,230,월9~10,음악학과
심리학,213,월7~9,물리치료학과
아동상담,83,수6~8,상담심리학과
아트앤테크놀로지,1355,금5~7,아트앤디자인학과
앙상블 레퍼토리Ⅲ,255,수2~3,음악학과
앙상블 레퍼토리Ⅲ,256,목5~6,음악학과
앙상블 레퍼토리Ⅲ,1324,목9~10,음악학과
애디토리얼 디자인,1356,금2~4,아트앤디자인학과
애디토리얼 디자인,1357,금5~7,아트앤디자인학과
애디토리얼 디자인,1885,목5~7,아트앤디자인학과
액션러닝기반 중급영어독해 및 단락쓰기Ⅰ,1137,"월2,화7~8",영어영문학과
액션러닝기반 중급영어독해 및 단락쓰기Ⅰ,1138,"월2,화7~8",영어영문학과
액션러닝기반 중급영어청취 및 회화 I,1151,"화2,목5~6",영어영문학과
액션러닝기반 중급영어청취 및 회화 I,1152,"화2,목5~6",영어영문학과
영어음성학,1136,수1~3,영어영문학과
영유아발달,582,목6~8,유아교육과
오페라 클래스 I,298,화8~9,음악학과
오픈소스SW이해와활용,790,수7~8,데이터클라우드공학과
오픈소스SW이해와활용,761,수7~8,컴퓨터공학부
운동생리학,396,화1~3,체육학과
운영체제,800,"수10,금5~6",데이터클라우드공학과
운영체제,801,"목10,금7~8",데이터클라우드공학과
유기화학 및 실험,165,수5~7,식품영양학과
유기화학 I,12,화1~3,화학생명과학과
유기화학 I,99,목5~6,약학과 (6년제)
유아교육과정,565,화1~3,유아교육과
유아체육론,410,목4~6,체육학과
유통론,1437,수2~4,경영학과
의생명과학개론,8,금2~4,화학생명과학과
의약품분석학Ⅰ,123,화2~4,약학과 (6년제)
이너뷰티와 노화예방,1562,목6~8,바이오융합공학과
이상심리학,64,화6~8,상담심리학과
인간행동과 사회환경,545,화5~7,사회복지학과
인공지능 개발 방법론,1734,월6~8,SW보건빅데이터 / 보건빅데이터
인공지능 개발 방법론,1736,월6~8,SW중독심리
인공지능 개발 방법론,1735,월6~8,SW중독재활
인공지능기초,1382,목12~14,SW보건빅데이터
인공지능기초,1404,목12~14,SW중독심리
인공지능기초,1396,목12~14,SW중독재활
인성과사회,1747,화5~6,경영학과
인체병리학,1554,수2~4,바이오융합공학과
인터넷영어와 커뮤니케이션,1154,"화6,목7~8",영어영문학과
일반물리,630,금1~3,인공지능융합학부
일반화학 및 실험,700,화6~8,동물자원과학과
일본문화의 이해,1623,화6~8,항공관광외국어학부
임상약리학,364,수1~2,간호학과
자료구조 및 알고리즘,1797,금6~8,인공지능융합학부
재배학,1486,화5~7,환경디자인원예학과
재활영상해부학,216,목2~3,물리치료학과
전공실기 III,282,일0,음악학과
전기전자공학개론,629,목2~4,인공지능융합학부
전도법과 실습,486,수5~7,신학과
정원과 식물,1491,수1~3,환경디자인원예학과
조경사,1796,금1~3,환경디자인원예학과
조경수목학,1519,화5~7,환경디자인원예학과
조직행동론,1455,"월8,수4~5",경영학과
조직행동론,1456,"화4,수2~3",경영학과
조직행동론,1529,화1~3,경영학과
중국문학의이해,1621,수2~4,항공관광외국어학부
중독약리학,1384,수12~14,SW보건빅데이터
중독약리학,1403,수12~14,SW중독심리
중독약리학,1397,수12~14,SW중독재활
중독의 이해,1385,금5~7,SW보건빅데이터
중독의 이해,1411,금5~7,SW중독심리
중독의 이해,1394,금5~7,SW중독재활
중독평가,1383,목1~3,SW보건빅데이터
중독평가,1402,목1~3,SW중독심리
중독평가,1395,목1~3,SW중독재활
즉흥연주 I,300,월7~8,음악학과
지역사회영양학,167,"수2~3,목5",식품영양학과
창의적 공학 설계,720,수2~4,컴퓨터공학부
채소원예학,1512,수6~8,환경디자인원예학과
채플,366,월3,간호학과
채플,1256,월3,건축학과(4년)
채플,1208,월3,건축학과(5년)
채플,807,월3,데이터클라우드공학과
채플,690,월3,동물자원과학과
채플,187,화9,물리치료학과
채플,1545,월3,바이오융합공학과
채플,442,월3,보건관리학과
채플,138,월3,식품영양학과
채플,649,월3,인공지능융합학부
채플,736,월3,컴퓨터공학부
채플,44,목7,화학생명과학과
채플,1488,월3,환경디자인원예학과
채플,488,수2~3,신학과
채플,97,월3,약학과 (6년제)
채플,1416,월3,경영학과
채플,674,수9,글로벌한국학과
채플,549,월3,사회복지학과
채플,73,수4,상담심리학과
채플,1117,월3,아트앤디자인학과
채플,1148,월3,영어영문학과
채플,561,월3,유아교육과
채플,227,월3,음악학과
채플,436,월3,체육학과
채플,1599,월8,항공관광외국어학부
채플셀(Chapel Cell),850,?,공통(교양)
체조 II,1794,수3~4,체육학과
초급중국어 연습,1628,화2~4,항공관광외국어학부
축구 I,413,목2~3,체육학과
"컨셉아트(웹툰, 게임)",1350,화1~3,아트앤디자인학과
"컨셉아트(웹툰, 게임)",1351,화1~3,아트앤디자인학과
"컨셉아트(웹툰, 게임)",1352,화5~7,아트앤디자인학과
컴퓨터네트워크,804,수3~5,데이터클라우드공학과
컴퓨터네트워크,805,화7~9,데이터클라우드공학과
컴퓨터프로그래밍,751,목2~4,컴퓨터공학부
컴퓨터프로그래밍,752,목6~8,컴퓨터공학부
컴퓨터프로그래밍응용,739,화4~5,컴퓨터공학부
컴퓨터프로그래밍응용,740,화7~8,컴퓨터공학부
태권도 I,417,화4~5,체육학과
펫푸드 실습,702,화6~8,동물자원과학과
피부약리학 및 실습,1540,수8~10,바이오융합공학과
학교현장의 이해 Ⅰ,564,금2~3,유아교육과
한국교회사,473,목5~7,신학과
한국어 작문 연습,1633,수6~8,글로벌한국학과
한국어문법론,657,월6~8,글로벌한국학과
한국어발음교육론,662,목2~4,글로벌한국학과
한국의 도시문화,684,수2~4,글로벌한국학과
합주 및 오케스트라 레파토리 III,241,일6~9,음악학과
항공서비스업무론,1597,목6~8,항공관광외국어학부
해부생리학Ⅰ*,108,월8~9,약학과 (6년제)
해부학 II,189,화6~8,물리치료학과
해외선교실습 I,475,월8~10,신학과
현대 경영정보시스템의 이해(캡스톤디자인),648,화5~8,인공지능융합학부
현대 경영학의 이해,596,목6~8,인공지능융합학부
현대문화와 선교,506,화5~7,신학과
화성학 I,234,목1~2,음악학과
화훼디자인,1511,수5~7,환경디자인원예학과
환경미학,1475,월5~7,환경디자인원예학과
회계원리,590,금6~8,인공지능융합학부
회계원리 I,220,화7~9,경영학과
회계원리 I,1446,"월5~6,화11",경영학과
회계원리 II,1435,수6~8,경영학과
회화 II,1347,목1~3,아트앤디자인학과
회화 II,1348,수1~3,아트앤디자인학과
회화 II,1349,수5~7,아트앤디자인학과
AI 콘텐츠 디자인,1358,금1~3,아트앤디자인학과
AI 콘텐츠 디자인,1359,화5~7,아트앤디자인학과
Concert Choir lll,274,목3~4,음악학과
TOEIC,1139,"월6~7,화5",영어영문학과
UX/UI 디자인,1783,목2~4,인공지능융합학부
UX프로그래밍,796,목1~3,데이터클라우드공학과
Weekly Recital III,307,목7~8,음악학과
Weekly Recital III,308,수7~8,음악학과
Weekly Recital III,309,월5~6,음악학과
17-18C 영시의 이해,1141,"화1~2,수1",영어영문학과
강구조,1243,수7~9,건축학과(4년)
강구조,1194,수7~9,건축학과(5년)
거시경제학,1417,금6~8,경영학과
건강심리학,72,수6~8,상담심리학과
건축설계(3)-A,1173,월5~9,건축학과(5년)
건축설계(3)-A,1174,월5~9,건축학과(5년)
건축설계(3)-A,1175,월5~9,건축학과(5년)
건축설계(3)-A,1176,월5~9,건축학과(5년)
건축설계(3)-B,1214,목5~9,건축학과(5년)
건축설계(3)-B,1215,목5~9,건축학과(5년)
건축설계(3)-B,1216,목5~9,건축학과(5년)
건축설계(3)-B,1217,목5~9,건축학과(5년)
건축시공,1287,화1~3,건축학과(4년)
건축시공,1224,화1~3,건축학과(5년)
건축재료 및 구법,1267,월1~3,건축학과(4년)
건축재료 및 구법,1178,월1~3,건축학과(5년)
건축종합설계Ⅰ,1248,월5~9,건축학과(4년)
건축종합설계Ⅰ,1251,월5~9,건축학과(4년)
경영분석,1419,목7~9,경영학과
경영학 캡스톤 디자인,1420,목6~9,경영학과
고객행동론,1625,월5~7,항공관광외국어학부
고급웹프로그래밍,650,수5~7,인공지능융합학부
고분자개론,25,화6~8,화학생명과학과
고용관계론,1418,금4~6,경영학과
과수원예학 및 실습,1501,수3~5,환경디자인원예학과
교육과정 및 교육평가,580,월2~3,유아교육과
교육방법 및 교육공학,562,월5~6,유아교육과
교정복지론,527,금2~4,사회복지학과
교회조직과 행정,508,월5~7,신학과
국악 I,286,목5~6,음악학과
국제경영학,1425,화5~7,경영학과
근골격물리치료학 I,200,화2~5,물리치료학과
근골격물리치료학 II,182,월6~9,물리치료학과
글로벌 리더십,394,목3~4,간호학과
기기분석,2,금2~4,화학생명과학과
기능성식품과 영양,166,수5~7,식품영양학과
기능성화장품 및 실습,1534,금2~4,바이오융합공학과
나노화학,6,월2~4,화학생명과학과
내분비학,107,목8~9,약학과 (6년제)
네트워크 엔지니어링,789,금1~3,데이터클라우드공학과
농구 I,412,월7~8,체육학과
뉴미디어 아트 인터랙션,1353,월1~3,아트앤디자인학과
뉴미디어 아트 인터랙션,1354,목1~3,아트앤디자인학과
대동물학,694,화1~3,동물자원과학과
데이터 분석 응용,612,목4~6,인공지능융합학부
데이터베이스,782,"화6,수7~8",데이터클라우드공학과
데이터베이스,783,"화7~8,수6",데이터클라우드공학과
데이터베이스,759,"화7~8,수6",컴퓨터공학부
데이터베이스,760,"화6,수7~8",컴퓨터공학부
데이터사이언스개론,608,화2~4,인공지능융합학부
도시생태학,696,목5~7,동물자원과학과
독성학개론,1544,수6~8,바이오융합공학과
동기강화상담,82,화6~8,상담심리학과
동물계통분류학,708,월8~10,동물자원과학과
디지털 사운드 창작연구Ⅰ,288,화5~7,음악학과
디지털논리회로실습(캡스톤디자인),606,금1~4,인공지능융합학부
디지털디자인Ⅲ,1240,금1~3,건축학과(4년)
디지털디자인Ⅲ,1206,금1~3,건축학과(5년)
딥러닝 기초,615,화5~7,인공지능융합학부
멀티미디어,773,화2~4,컴퓨터공학부
면역공학 및 실험,1553,화2~4,바이오융합공학과
모바일 프로그래밍(캡스톤디자인),764,수3~5,컴퓨터공학부
모바일 프로그래밍(캡스톤디자인),765,수7~9,컴퓨터공학부
모바일 UX 설계,1365,수5~7,아트앤디자인학과
모자보건 및 성교육,462,화2~4,보건관리학과
목회실습 I,484,수1,신학과
무기화학실험,34,수6~9,화학생명과학과
문화관광(캡스톤디자인),1617,목6~8,항공관광외국어학부
미래형자동차 연구(캡스톤디자인),1787,월6~9,인공지능융합학부
미생물학,27,화2~4,화학생명과학과
바울서신,512,월1~3,신학과
바이오랩I,1549,수3~5,바이오융합공학과
바이오의약품 품질관리,1543,목6~8,바이오융합공학과
반도체공학I,635,목1~3,인공지능융합학부
반려동물훈련분석,1748,목1~3,동물자원과학과
반주법 Ⅱ,566,목5~7,유아교육과
발생 및 생리학 실험,18,목2~5,화학생명과학과
발생생물학,23,월2~4,화학생명과학과
방사선의약품학*,94,수3~4,약학과 (6년제)
범죄 및 법정심리학,66,목1~3,상담심리학과
병리학,196,금6~8,물리치료학과
병리학,449,금3~5,보건관리학과
병태생리학Ⅰ*,115,수6~7,약학과 (6년제)
보건경제학,441,월5~7,보건관리학과
보건교육방법론,466,수6~8,보건관리학과
보조기 및 의수족,188,수5~7,물리치료학과
복지국가론,520,목2~4,사회복지학과
부전공클래스 I,285,일4~5,음악학과
불어 딕션 및 앙상블 I,305,금5~6,음악학과
브랜드경험(BX),1366,금5~7,아트앤디자인학과
브랜드경험(BX),1367,금1~3,아트앤디자인학과
사진예술,1369,화5~7,아트앤디자인학과
사진예술,1370,월5~7,아트앤디자인학과
사진예술,1371,월1~3,아트앤디자인학과
사회복지법제와 실천,542,목6~8,사회복지학과
사회복지현장실습,550,월2~4,사회복지학과
산업보건학,448,금6~8,보건관리학과
상담윤리,63,수1~3,상담심리학과
생물정보학(동물자원과학과),704,목6~8,동물자원과학과
생약학Ⅰ*,113,목1~2,약학과 (6년제)
생화학 및 실험,139,"월5~7,목2",식품영양학과
선인장과다육식물,1514,월2~4,환경디자인원예학과
선택실습,380,?,간호학과
선택실습,381,?,간호학과
선택실습,382,?,간호학과
설교법 I,489,수5~7,신학과
성인간호개론,317,"월7~8,금5~6",간호학과
성인간호개론,686,"월5~6,금7~8",간호학과
성인간호학실습 I,361,?,간호학과
성인간호학실습 I,362,?,간호학과
성인간호학실습 I,363,?,간호학과
성인간호학실습Ⅱ,336,?,간호학과
성인간호학실습Ⅱ,337,?,간호학과
성인간호학실습Ⅱ,338,?,간호학과
세법,1421,목2~4,경영학과
소비자행동론,1422,목2~4,경영학과
소프트웨어 공학,603,화1~3,인공지능융합학부
스튜디오 영상 제작,685,금3~5,글로벌한국학과
스포츠경영학,431,화6~8,체육학과
스포츠의학,415,화2~4,체육학과
스포츠정책론,401,목1~3,체육학과
시스템분석 및 설계(캡스톤디자인),632,월2~5,인공지능융합학부
시스템프로그래밍,784,목2~4,데이터클라우드공학과
시스템프로그래밍,785,목6~8,데이터클라우드공학과
시스템프로그래밍,775,목2~4,컴퓨터공학부
시스템프로그래밍,776,목6~8,컴퓨터공학부
식물생리학,41,수6~8,화학생명과학과
"식물자원,조경 교과교육론",1500,화8~10,환경디자인원예학과
식사요법 및 실습,155,"월2~3,수3",식품영양학과
식용작물학,1476,수6~8,환경디자인원예학과
식재공간 및 시설물설계 1,1492,화6~8,환경디자인원예학과
식품분석 및 실험,140,"화5~6,화7~8",식품영양학과
식품영양과 미디어,146,화1~3,식품영양학과
식품효능평가실습학,1558,화6~8,바이오융합공학과
신경과학,1790,금6~8,약학과 (6년제)
신경물리치료학 II,184,월1~4,물리치료학과
실내악 III,228,금10~11,음악학과
실내악 III,229,금10~11,음악학과
실험조리 및 실습,168,목5~8,식품영양학과
심리검사,58,화2~4,상담심리학과
아티스트 프랙티스,1363,화1~3,아트앤디자인학과
아티스트 프랙티스,1364,화5~7,아트앤디자인학과
악기론I,259,화8~9,음악학과
앙상블 레퍼토리Ⅴ,236,목9~10,음악학과
앙상블 레퍼토리Ⅴ,237,화6~7,음악학과
앙상블 레퍼토리Ⅴ,1325,목5~6,음악학과
약품미생물학*,103,금2~4,약학과 (6년제)
약품생화학Ⅰ*,95,목3~5,약학과 (6년제)
"약학실험Ⅱ(생약, 병태)",116,화6~9,약학과 (6년제)
양액재배,1520,화1~3,환경디자인원예학과
역사서,471,목1~3,신학과
영상제작 II,1379,화5~7,아트앤디자인학과
영상제작 II,1380,화1~3,아트앤디자인학과
영양과 배설간호,322,"월2~3,목1~2",간호학과
영어교과교육론,1795,화1~3,영어영문학과
영어수필쓰기(캡스톤디자인),1122,"월3~4,화5",영어영문학과
영어연극공연(캡스톤디자인),1131,금4~6,영어영문학과
영어연극공연(캡스톤디자인),1132,금1~3,영어영문학과
영어음운론,1143,목1~3,영어영문학과
영어주제토론 및 발표,1140,"화5,목5~6",영어영문학과
영유아교수방법론,552,화1~3,유아교육과
오케스트레이션 이론과 응용I,287,목5~6,음악학과
오페라클래스 III,291,화8~9,음악학과
외국어습득론,1634,화2~4,글로벌한국학과
운동상해와 테이핑,398,금5~7,체육학과
운동역학,402,금1~3,체육학과
운영체제,769,"목10,금7~8",컴퓨터공학부
운영체제,770,"수10,금5~6",컴퓨터공학부
원가회계,1424,화6~8,경영학과
윈드서핑,439,수10~11,체육학과
유기반응 메커니즘,38,수2~4,화학생명과학과
유도 I,425,목5~6,체육학과
유아과학교육,576,수5~7,유아교육과
유아수학교육,551,화5~7,유아교육과
유전학 I,13,월6~8,화학생명과학과
음악교과교육론,277,화1~3,음악학과
음악교수학습방법,283,화4~5,음악학과
응용화학,689,월5~7,동물자원과학과
인적자원관리론,1428,"월4~5,목5",경영학과
인체생리학 II,15,화6~8,화학생명과학과
인턴십 III,1874,?,영어영문학과
임상간호입문실습I,325,?,간호학과
임상간호입문실습I,326,?,간호학과
임상간호입문실습I,327,?,간호학과
임상간호입문실습I,328,?,간호학과
임상간호입문실습I,329,?,간호학과
임상간호입문실습I,330,?,간호학과
임상심리학,62,월6~8,상담심리학과
재무관리,1426,"화3,금2~3",경영학과
전공실기 V,275,일0,음악학과
전공실무영어,1498,월5~7,환경디자인원예학과
전자회로 I,616,목6~8,인공지능융합학부
정신간호학I,383,"수7~9,금1~3",간호학과
정신건강사회복지론,521,화2~4,사회복지학과
정원설계,1510,목6~8,환경디자인원예학과
정원조성과 유지관리,1483,월1~3,환경디자인원예학과
조경관리,1493,화1~3,환경디자인원예학과
조직신학,491,화5~7,신학과
종교 교과교육론,472,금5~7,신학과
종양 및 호스피스,393,화2~3,간호학과
중급일본어회화 I,1607,수2~4,항공관광외국어학부
중급중국어독해,1615,화6~8,항공관광외국어학부
중급중국어회화 I,1629,화2~4,항공관광외국어학부
중급회계Ⅱ,1423,수6~8,경영학과
지역사회간호학실습 I,339,?,간호학과
지역사회간호학실습 I,340,?,간호학과
지역사회간호학실습 I,341,?,간호학과
지역사회간호학I,318,"월5~6,화7~8,금7~8",간호학과
지역사회간호학I,319,"월7~8,화5~6,금5~6",간호학과
지역사회복지론,531,수4~6,사회복지학과
지휘법 실습Ⅰ,225,일10~11,음악학과
진로상담,75,목6~8,상담심리학과
채플,323,수2,간호학과
채플,1257,수2,건축학과(4년)
채플,1234,수2,건축학과(5년)
채플,779,수2,데이터클라우드공학과
채플,705,수2,동물자원과학과
채플,199,화9,물리치료학과
채플,1557,수2,바이오융합공학과
채플,464,수2,보건관리학과
채플,153,수2,식품영양학과
채플,591,수2,인공지능융합학부
채플,745,수2,컴퓨터공학부
채플,43,목7,화학생명과학과
채플,1515,수2,환경디자인원예학과
채플,492,수2~3,신학과
채플,117,수2,약학과 (6년제)
채플,1415,수2,경영학과
채플,665,수9,글로벌한국학과
채플,533,수2,사회복지학과
채플,74,수4,상담심리학과
채플,1118,수2,아트앤디자인학과
채플,1142,수2,영어영문학과
채플,568,수2,유아교육과
채플,273,수2,음악학과
채플,414,수2,체육학과
채플,1624,월8,항공관광외국어학부
청소년복지론,536,화6~8,사회복지학과
컴퓨터 알고리즘,780,목1~3,데이터클라우드공학과
컴퓨터 알고리즘,781,목5~7,데이터클라우드공학과
컴퓨터 알고리즘,730,목1~3,컴퓨터공학부
컴퓨터 알고리즘,731,목5~7,컴퓨터공학부
컴퓨터네트워크,766,수3~5,컴퓨터공학부
컴퓨터네트워크,767,화7~9,컴퓨터공학부
테니스 I,408,수3~4,체육학과
통계학,607,월6~8,인공지능융합학부
"통합시뮬레이션 I(구,PSS실습)",311,?,간호학과
"통합시뮬레이션 I(구,PSS실습)",312,?,간호학과
"통합시뮬레이션 I(구,PSS실습)",313,?,간호학과
"통합시뮬레이션 I(구,PSS실습)",314,?,간호학과
"통합시뮬레이션 I(구,PSS실습)",315,?,간호학과
"통합시뮬레이션 I(구,PSS실습)",316,?,간호학과
특수동물학,687,목1~3,동물자원과학과
품질경영론,1427,"월6~7,목6",경영학과
프로그래밍언어론,758,금1~3,컴퓨터공학부
프로그램개발과 평가,543,월6~8,사회복지학과
프로젝트관리론,628,목2~4,인공지능융합학부
플라워디자인,1484,월5~7,환경디자인원예학과
학교폭력예방 및 학생의 이해,569,월7~8,유아교육과
한국 여행 콘텐츠 기획,664,수6~8,글로벌한국학과
한국어이해교육론,680,월2~4,글로벌한국학과
한국전통문화 현장실습(캡스톤디자인),683,목6~8,글로벌한국학과
합주 및 오케스트라 레파토리 V,240,일6~9,음악학과
합창지도와 반주실습Ⅰ,226,화4~5,음악학과
항공관광비즈니스일본어,1598,수7~9,항공관광외국어학부
항공관광실무영어Ⅰ,1614,금2~4,항공관광외국어학부
항공기구조 및 안전보안,1626,목2~4,항공관광외국어학부
항공서비스혁신,1592,금6~8,항공관광외국어학부
현장어학실습 I,1630,"월1,월4,월9",항공관광외국어학부
화장품 효능 분석 및 실습,1539,월2~4,바이오융합공학과
화훼장식디자인 및 제작론 (캡스톤디자인),1485,목5~7,환경디자인원예학과
환경디자인 실무,1499,수7~9,환경디자인원예학과
환경특화디자인(캡스톤디자인),1487,목1~3,환경디자인원예학과
회로이론 II,589,금5~7,인공지능융합학부
AI 사료 배합 및 사료학 실습,1750,수6~8,동물자원과학과
AI기반 환경디자인,1778,월5~7,환경디자인원예학과
AI를 위한 빅데이터 처리,1753,월8~10,데이터클라우드공학과
AI를 위한 클라우드 컴퓨팅,1754,월5~7,데이터클라우드공학과
AI를 위한 클라우드 컴퓨팅,1755,월1~3,데이터클라우드공학과
AI를 위한 클라우드 컴퓨팅,1840,월1~3,컴퓨터공학부
AI를 위한 클라우드 컴퓨팅,1841,월5~7,컴퓨터공학부
AI반도체 특허출원 실습I(캡스톤디자인),627,수3~6,인공지능융합학부
AI반도체공정실습(캡스톤디자인),588,월2~5,인공지능융합학부
Concert Choir V,261,목3~4,음악학과
Weekly Recital V,246,수7~8,음악학과
Weekly Recital V,247,목7~8,음악학과
Weekly Recital V,248,목7~8,음악학과
Weekly Recital V,249,월5~6,음악학과
간호관리학,335,"월6~8,금1~3",간호학과
간호관리학실습,355,?,간호학과
간호관리학실습,356,?,간호학과
간호관리학실습,357,?,간호학과
건축과 영화,1286,화1~3,건축학과(4년)
건축과 영화,1209,화1~3,건축학과(5년)
건축비용공학,1255,수1~3,건축학과(4년)
건축종합설계Ⅲ,1296,월5~9,건축학과(4년)
건축통합설계 1-A,1218,화5~9,건축학과(5년)
건축통합설계 1-A,1219,화5~9,건축학과(5년)
건축통합설계 1-A,1220,화5~9,건축학과(5년)
건축통합설계 1-A,1221,화5~9,건축학과(5년)
건축통합설계 1-A,1805,화5~9,건축학과(5년)
건축통합설계 1-B,1230,금5~9,건축학과(5년)
건축통합설계 1-B,1231,금5~9,건축학과(5년)
건축통합설계 1-B,1232,금5~9,건축학과(5년)
건축통합설계 1-B,1233,금5~9,건축학과(5년)
건축통합설계 1-B,1806,금5~9,건축학과(5년)
건축통합설계 1-C,1179,수8~9,건축학과(5년)
건축통합설계 1-C,1180,수2~3,건축학과(5년)
건축통합설계 1-C,1181,수4~5,건축학과(5년)
건축통합설계 1-C,1182,수6~7,건축학과(5년)
건축BIM I,1277,월7~9,건축학과(4년)
건축BIM I,1172,월7~9,건축학과(5년)
경관디자인학,1477,화1~3,환경디자인원예학과
경영심리학(조직 심리학),1464,목1~3,경영학과
경영전략,1468,월6~8,경영학과
경영정보론,1470,"월4,화7~8",경영학과
경영정보시스템 세미나(캡스톤디자인),633,월6~9,인공지능융합학부
경영학세미나III,1532,월6~8,경영학과
고급영어청취 및 회화,1128,"월5~6,수6",영어영문학과
고급중국어,1593,목2~4,항공관광외국어학부
골프I,440,수5~6,체육학과
공간디스플레이디자인 (캡스톤디자인),1513,수2~4,환경디자인원예학과
공급사슬관리,1465,수6~8,경영학과
공중보건학,180,수5~7,물리치료학과
관광서비스혁신,1613,금6~8,항공관광외국어학부
교육행정 및 교육경영,558,목5~6,유아교육과
교회성장학(캡스톤디자인),483,수5~7,신학과
구조해석,1318,수4~6,건축학과(4년)
근골격물리치료학 V,214,목1~4,물리치료학과
근현대건축론,1315,목1~3,건축학과(4년)
근현대건축론,1191,목1~3,건축학과(5년)
기계학습,762,화4~6,컴퓨터공학부
기계학습,763,화1~3,컴퓨터공학부
기내배양,11,월5~7,화학생명과학과
기독교회사,499,월1~3,신학과
기업문화론,1471,"월4~5,목4",경영학과
내분비조절과 간호,360,"월3~4,화6~7",간호학과
네트워크 엔지니어링,768,금1~3,컴퓨터공학부
노인물리치료학,183,화1~3,물리치료학과
다문화 상담,77,목1~3,상담심리학과
도시계획,1313,월1~3,건축학과(4년)
도시계획,1192,월1~3,건축학과(5년)
동물생태학,701,화2~4,동물자원과학과
동물유전학과 AI 빅데이터 분석,1749,수2~4,동물자원과학과
디자인 스튜디오 Ⅰ (캡스톤디자인),1374,월5~7,아트앤디자인학과
디자인 스튜디오 Ⅰ (캡스톤디자인),1375,목1~3,아트앤디자인학과
디자인 스튜디오 Ⅰ (캡스톤디자인),1376,월5~7,아트앤디자인학과
디자인 스튜디오 Ⅰ (캡스톤디자인),1377,금5~7,아트앤디자인학과
디자인 콜로키움,1378,목5~7,아트앤디자인학과
디지털 집적회로 설계(캡스톤디자인),597,월1~4,인공지능융합학부
메타버스 콘텐츠,1381,수5~7,아트앤디자인학과
모바일 네트워크,1766,화7~9,컴퓨터공학부
모성간호학 II,324,"수3~4,목1~2",간호학과
모성간호학실습,384,?,간호학과
모성간호학실습,385,?,간호학과
모성간호학실습,386,?,간호학과
목회실습 III,479,수0,신학과
문화예술교육 현장의 이해와 실습,293,화6~7,음악학과
바이러스학,22,화2~4,화학생명과학과
바이오 의약품학*,98,월5~7,약학과 (6년제)
바이오나노공학,1541,화6~8,바이오융합공학과
바이오융합캡스톤 디자인I,1542,목2~4,바이오융합공학과
바이오의약품개발론,1561,수2~4,바이오융합공학과
바이오제품 위생관리 및 법규,1533,화2~4,바이오융합공학과
반도체 공정 및 소자 설계(캡스톤디자인),636,수1~4,인공지능융합학부
반려동물학,703,수4~6,동물자원과학과
반주법 Ⅱ,570,목1~3,유아교육과
보건교육 및 중독실습,463,수0~2,보건관리학과
보건사업관리학,459,금5~7,보건관리학과
보건의료법규,470,목6~8,보건관리학과
보건의사소통론,469,월6~8,보건관리학과
부전공클래스 III,257,일4~5,음악학과
분자면역영양학,134,목5~7,식품영양학과
분자생물학 II,46,수6~8,화학생명과학과
비즈니스 커뮤니케이션,1462,금2~4,경영학과
사회보장론,529,화2~4,사회복지학과
사회복지윤리와 철학,539,목2~4,사회복지학과
사회복지자료 분석론,544,금2~4,사회복지학과
사회복지지도감독론,528,수2~4,사회복지학과
사회복지현장심화실습,523,월2~4,사회복지학과
산학연계 프로젝트(캡스톤디자인),598,월10~13,인공지능융합학부
산학연계 프로젝트(캡스톤디자인),599,월10~13,인공지능융합학부
산학협력 캡스톤디자인Ⅱ,750,화10~12,컴퓨터공학부
생명과학 문헌연구설계(캡스톤디자인) I,26,월2~4,화학생명과학과
생물정보학,33,금2~4,화학생명과학과
생태복원학,717,화2~4,동물자원과학과
서비스 롤플레이,1631,화2~4,항공관광외국어학부
서비스 마케팅,1720,월1~3,경영학과
서비스 마케팅,1722,월6~8,경영학과
선지서 I,510,화1~3,신학과
세무회계Ⅰ,1463,목6~8,경영학과
셰익스피어와 현대 미디어콘텐츠,1127,"월4,화7~8",영어영문학과
소자제작실습2(캡스톤디자인),609,화1~4,인공지능융합학부
소자제작실습2(캡스톤디자인),1809,화5~8,인공지능융합학부
소프트웨어 디자인패턴,756,수6~8,컴퓨터공학부
수상스키,399,화12~13,체육학과
수의간호학 및 실습,707,수7~9,동물자원과학과
순환과 간호,379,"화3~4,수6~7",간호학과
숲·생태 환경교육,1803,화1~3,유아교육과
스마트 팩토리,621,목7~9,인공지능융합학부
스케이트 I,423,금3~4,체육학과
스포츠경기분석,400,월3~5,체육학과
스포츠물리치료학,181,금1~3,물리치료학과
스포츠와 IT,405,목5~7,체육학과
스포츠행정 실무관리,430,수1~3,체육학과
시니어헬스케어프로그램개발,427,화2~4,체육학과
식물영양학,1478,수5~7,환경디자인원예학과
식생활관리 및 실습,151,수6~9,식품영양학과
신경물리치료학 IV,179,월2~5,물리치료학과
신서비스 개발 방법론,1467,화2~4,경영학과
실내악 V,281,금10~11,음악학과
실내악 V,1328,금10~11,음악학과
심리서비스개발(캡스톤디자인),71,수6~7,상담심리학과
심리학 현장실습 I,57,금2~4,상담심리학과
심장호흡 물리치료학,194,화6~8,물리치료학과
아동간호학실습,376,?,간호학과
아동간호학실습,377,?,간호학과
아동간호학실습,378,?,간호학과
아동간호학II,342,"월1~2,화1~2",간호학과
아동관찰 및 행동연구,579,수1~3,유아교육과
아트스튜디오 Ⅰ (캡스톤디자인),1373,목1~3,아트앤디자인학과
앙상블 레퍼토리Ⅶ,262,목9~10,음악학과
앙상블 레퍼토리Ⅶ,263,목5~6,음악학과
약리학 Ⅰ,106,월1~3,약학과 (6년제)
약물유전학*,118,화2~4,약학과 (6년제)
약제학Ⅰ *,110,수1~2,약학과 (6년제)
"약학실험Ⅳ(합성,약제)",104,수5~8,약학과 (6년제)
연구방법론,78,화2~4,상담심리학과
영미수필 및 단편소설의 이해,1134,수2~4,영어영문학과
영소설의 이해,1144,월1~3,영어영문학과
영소설의 이해,1145,화1~3,영어영문학과
영양교육 및 상담실습,133,화1~3,식품영양학과
영양사현장실습,135,"월0,화0,수0,목0,금0",식품영양학과
영어 딕션 및 앙상블,284,수1~2,음악학과
영어교과교수법,1804,금2~4,영어영문학과
예방약학 I *,119,목1~3,약학과 (6년제)
오페라클래스 V,302,화8~9,음악학과
유기농업학,1523,수2~4,환경디자인원예학과
유아교사론,581,화5~7,유아교육과
유아수학교육,563,수5~7,유아교육과
유아창의인성교육,560,월1~3,유아교육과
융합과학연구설계(캡스톤디자인) I,32,화10~12,화학생명과학과
융합캡스톤디자인(일본어),1618,화6~8,항공관광외국어학부
음악교과 논리 및 논술,238,화8~10,음악학과
음악융합 현장실습 I(캡스톤디자인),258,화1~3,음악학과
음악치료학개론,297,금2~3,음악학과
의료재무관리,460,월2~4,보건관리학과
의약품품질과학*,131,화6~8,약학과 (6년제)
의약품합성학Ⅰ*,96,목5~6,약학과 (6년제)
인공지능 시스템 개발,631,목5~7,인공지능융합학부
인공지능종합설계 I(캡스톤디자인),622,화10~13,인공지능융합학부
인턴쉽 I,30,일1~3,화학생명과학과
인턴십 I,1526,수0,환경디자인원예학과
인턴십 I,1414,?,경영학과
인턴십 II,1413,?,경영학과
인턴십 II ICT 학점연계프로젝트,1852,?,인공지능융합학부
인턴십 III,1865,?,동물자원과학과
인턴십 III,1877,일1~12,바이오융합공학과
인턴십 III,1864,?,보건관리학과
인턴십 III,1876,?,식품영양학과
인턴십 III,1869,?,인공지능융합학부
인턴십 III,1872,?,컴퓨터공학부
인턴십 III,1458,?,경영학과
인턴십 III,1871,?,글로벌한국학과
인턴십 III,1875,?,상담심리학과
인턴십 III,1870,토1~12,아트앤디자인학과
인턴십 III,1868,?,항공관광외국어학부
임상영양학,156,"수5,목2~3",식품영양학과
장애아동의 이해,197,금1~3,물리치료학과
전공실기 VII,267,일0,음악학과
정신건강물리치료,1832,금1~3,물리치료학과
졸업논문,1473,"수0,목0",환경디자인원예학과
졸업논문 및 중국어자격시험(신HSK6급),1799,화12,항공관광외국어학부
졸업시험,1605,수15,항공관광외국어학부
졸업연구,1595,목12,항공관광외국어학부
졸업인증 및 진로지도,429,금8,체육학과
졸업작품 (캡스톤디자인),1516,월2~3,환경디자인원예학과
종합시험,732,?,컴퓨터공학부
종합시험,658,?,글로벌한국학과
지휘법 실습Ⅲ,290,일10~11,음악학과
직업건강관리,468,금2~4,보건관리학과
직업상담 Ⅰ,70,화6~8,상담심리학과
진공과학 및 박막 공정,634,금2~4,인공지능융합학부
채플,31,목7,화학생명과학과
채플,505,수2~3,신학과
채플,69,수4,상담심리학과
채플(온라인),310,금14,간호학과
채플(온라인),1274,금14,건축학과(4년)
채플(온라인),1207,금14,건축학과(5년)
채플(온라인),693,금14,동물자원과학과
채플(온라인),190,화9,물리치료학과
채플(온라인),1552,금14,바이오융합공학과
채플(온라인),451,금14,보건관리학과
채플(온라인),160,금14,식품영양학과
채플(온라인),623,금14,인공지능융합학부
채플(온라인),735,?,컴퓨터공학부
채플(온라인),1489,?,환경디자인원예학과
채플(온라인),111,일0,약학과 (6년제)
채플(온라인),1412,금14,경영학과
채플(온라인),678,금12,글로벌한국학과
채플(온라인),540,금9,사회복지학과
채플(온라인),1119,금14,아트앤디자인학과
채플(온라인),1129,금0,영어영문학과
채플(온라인),587,금14,유아교육과
채플(온라인),243,일3,음악학과
채플(온라인),426,금14,체육학과
채플(온라인),1608,금12,항공관광외국어학부
체육측정평가,411,화6~8,체육학과
최신 인공지능 활용,619,목1~3,인공지능융합학부
치유농업,1504,목2~4,환경디자인원예학과
캡스톤디자인 I (식품영양),148,화5~7,식품영양학과
평신도 훈련과 소그룹,509,화5~7,신학과
표면화학,14,수2~4,화학생명과학과
학교현장실습(교육실습),585,월5~6,유아교육과
한국문화교육론,681,금2~4,글로벌한국학과
한국사회와 다문화현상 이해,661,목2~4,글로벌한국학과
한국어 평가론,666,수2~4,글로벌한국학과
한류 영상기획과 실무,682,월2~4,글로벌한국학과
한약제제(본초·방제학),109,목7~9,약학과 (6년제)
한중번역 및 통역,1627,목6~8,항공관광외국어학부
합주 및 오케스트라 레파토리 VII,292,일6~9,음악학과
항공 및 관광 비즈니스 영어,1130,"화5,목5~6",영어영문학과
해외선교실습 II,511,금1~3,신학과
해외선교인턴십,480,일0~11,신학과
허브 식물학,1521,화1~3,환경디자인원예학과
현장실습 II,710,금2~4,동물자원과학과
화장품 산업학,24,금2~4,화학생명과학과
화장품법규,1560,목6~8,바이오융합공학과
화학문헌(캡스톤디자인),36,월10~12,화학생명과학과
화훼디자인디스플레이,1505,월5~7,환경디자인원예학과
환경심리학,1506,화5~7,환경디자인원예학과
회계실무Ⅰ,1466,수2~4,경영학과
회계학연습 II,1469,월6~8,경영학과
AI 공간환경계획 Ⅰ (캡스톤디자인),1779,수5~7,환경디자인원예학과
AI 임베디드 시스템,1767,월3~5,컴퓨터공학부
AI를 위한 빅데이터 처리,1762,월8~10,컴퓨터공학부
AI와 경영,1472,월1~3,경영학과
AI와 한국어 데이터 분석,1632,화6~8,글로벌한국학과
Concert Choir VII,276,목3~4,음악학과
E-Business Project(캡스톤디자인),595,수2~5,인공지능융합학부
ICT인턴십Ⅰ,744,?,컴퓨터공학부
ICT인턴십Ⅱ,741,?,컴퓨터공학부
ICT인턴십Ⅲ,727,?,컴퓨터공학부
ICT인턴십Ⅳ,746,?,컴퓨터공학부
IT사례연구,624,화6~8,인공지능융합학부
SW연계전공졸업인증,1391,화13~15,SW보건빅데이터
SW연계전공졸업인증,1406,화13~15,SW중독심리
SW연계전공졸업인증,1399,화13~15,SW중독재활
Weekly Recital VII,250,수7~8,음악학과
Weekly Recital VII,251,월5~6,음악학과
Weekly Recital VII,252,목7~8,음악학과
Weekly Recital VII,1372,목7~8,음악학과
건축졸업설계 A,1235,월5~10,건축학과(5년)
건축졸업설계 A,1236,월5~10,건축학과(5년)
건축졸업설계 A,1237,월5~10,건축학과(5년)
건축졸업설계 A,1807,월5~10,건축학과(5년)
건축졸업설계 B,1203,목5~10,건축학과(5년)
건축졸업설계 B,1204,목5~10,건축학과(5년)
건축졸업설계 B,1205,목5~10,건축학과(5년)
건축졸업설계 B,1808,목5~10,건축학과(5년)
구조해석,1190,수4~6,건축학과(5년)
사회약학,1723,월6~8,약학과
생물약제학*,1729,수8~10,약학과 (6년제)
약물치료학I*,1731,월1~4,약학과 (6년제)
약물치료학II*,1730,금2~4,약학과 (6년제)
의약화학*,1727,목2~4,약학과 (6년제)
조제학*,1726,수5~7,약학과 (6년제)
천연물의약품학,1732,월6~8,약학과 (6년제)
친환경건축,1210,수1~3,건축학과(5년)
항생물질학*,1728,수2~3,약학과 (6년제)
필수실무실습Ⅰ,91,일0~2,약학과
필수실무실습Ⅱ,88,일3~5,약학과
필수실무실습Ⅲ,90,일6~7,약학과
필수실무실습Ⅳ,87,일8~9,약학과
필수실무실습Ⅴ,89,일10~11,약학과
필수실무실습VI,92,일12~14,약학과
(KLEC)대학한국어 말하기Ⅰ,908,?,공통(교양)
(KLEC)대학한국어 말하기Ⅱ,1881,?,공통(교양)
(KLEC)대학한국어 쓰기Ⅰ,962,?,공통(교양)
(KLEC)대학한국어 쓰기Ⅱ,1882,?,공통(교양)
(KLEC)대학한국어 읽기Ⅰ,1043,?,공통(교양)
(KLEC)대학한국어 읽기Ⅱ,1880,?,공통(교양)
